{
  "n_playlist": 130,
  "1": "word vector",
  "size_embed": 5,
  "n_epoch": 100,
  "2": "fcm",
  "div_cluster": 500,
  "iter_max": 50,
  "iter_patience": 10,
  "change_threshold": 0.001,
  "fuzzy_param": 2,
  "vars": {
    "80": {
      "n_vocab": 4286,
      "n_clusters": 8,
      "log_SSE": [
        687.4375325640252,
        687.314768226553,
        687.0328695102082,
        686.3722991169384,
        684.8747527801073,
        681.717462627049,
        675.6345092526165,
        664.8651177694994,
        647.4300280113879,
        623.1134353547625,
        596.7771099281755,
        575.9020984389848,
        562.8732007758769,
        555.1633501175289,
        550.1802103376623,
        546.6739363196118,
        544.1380013728896,
        542.3014364277539,
        540.9712016269958,
        540.0030467311698,
        539.29094322806,
        538.7596356458755,
        538.3572142400598,
        538.0480041212357,
        537.8071442867976,
        537.6170208801956,
        537.4650237863393,
        537.3420691610052,
        537.2415663813416,
        537.1586830928344
      ],
      "log_dSSE": [
        Infinity,
        0.12276433747217652,
        0.2818987163448128,
        0.6605703932698361,
        1.4975463368310784,
        3.157290153058284,
        6.082953374432577,
        10.769391483117033,
        17.43508975811153,
        24.316592656625403,
        26.336325426586995,
        20.875011489190683,
        13.028897663107955,
        7.709850658347932,
        4.983139779866633,
        3.506274018050476,
        2.53593494672225,
        1.8365649451357058,
        1.330234800758035,
        0.9681548958260464,
        0.7121035031098017,
        0.5313075821844677,
        0.40242140581574404,
        0.30921011882401217,
        0.24085983443819714,
        0.1901234066019697,
        0.15199709385626647,
        0.12295462533415957,
        0.10050277966354315,
        0.08288328850721882
      ]
    },
    "800": {
      "n_vocab": 28726,
      "n_token": 478
    },
    "120": {
      "n_vocab": 6100,
      "n_token": 106,
      "n_clusters": 12,
      "log_SSE": [
        822.3909880134588,
        822.3309335497822,
        822.2366998559432,
        822.0435011585553,
        821.6464962685139,
        820.8406115491281,
        819.2417558116962,
        816.1956729593948,
        810.7818415791849,
        802.1610682704782,
        790.3256200596092,
        776.4851576436301,
        762.2031680526403,
        748.3567898677686,
        735.074307041298,
        722.6667807862739,
        712.1843904361266,
        704.3909187726409,
        699.3719097080274,
        696.8412960292587,
        696.0136914604972,
        695.9794468500407
      ],
      "log_dSSE": [
        Infinity,
        0.06005446367657896,
        0.09423369383898716,
        0.19319869738797024,
        0.3970048900413303,
        0.8058847193858583,
        1.5988557374319043,
        3.0460828523014243,
        5.413831380209899,
        8.620773308706703,
        11.835448210869004,
        13.840462415979005,
        14.281989590989838,
        13.846378184871696,
        13.282482826470641,
        12.407526255024095,
        10.482390350147284,
        7.793471663485661,
        5.019009064613556,
        2.5306136787686455,
        0.8276045687615579,
        0.03424461045642602
      ]
    },
    "130": {
      "n_vocab": 6521,
      "n_token": 114,
      "n_clusters": 13,
      "log_SSE": [
        601.1954248553373,
        601.1817939949119,
        601.176361585511,
        601.1702689282153,
        601.1630430270749,
        601.1544476389915,
        601.1442247407349,
        601.1320712831213,
        601.1176301040563,
        601.1004809191024,
        601.080130290611,
        601.0560004788614,
        601.0274172306819,
        600.993596675678,
        600.9536316524682,
        600.9064779963845,
        600.8509415970923,
        600.7856673857898,
        600.7091318314402,
        600.619640994271,
        600.5153366632608,
        600.3942135289232,
        600.2541506285636,
        600.0929603295946,
        599.9084577327071,
        599.698552394005,
        599.461362490721,
        599.1953487675044,
        598.8994612625053,
        598.5732844820172,
        598.2171541091793,
        597.8322101900604,
        597.4204005323361,
        596.9844836655062,
        596.5279638630841,
        596.0549596836194,
        595.5699959742116,
        595.0777294917256,
        594.5826888295179,
        594.0890384714228,
        593.600373318797,
        593.119566349006,
        592.6486891492159,
        592.1890040008249,
        591.741004310932,
        591.3044770421127,
        590.8785702456702,
        590.4618554429528,
        590.0523761841042,
        589.6476754399115
      ],
      "log_dSSE": [
        Infinity,
        0.013630860425337232,
        0.0054324094008961765,
        0.006092657295766912,
        0.0072259011403730256,
        0.00859538808333582,
        0.01022289825664302,
        0.01215345761363551,
        0.014441179064988319,
        0.017149184953836993,
        0.020350628491428324,
        0.024129811749617147,
        0.02858324817952962,
        0.033820555003899244,
        0.03996502320978834,
        0.047153656083651185,
        0.05553639929223664,
        0.06527421130249422,
        0.07653555434956161,
        0.08949083716925088,
        0.10430433101021208,
        0.12112313433760846,
        0.1400629003595668,
        0.16119029896901793,
        0.18450259688745518,
        0.20990533870212857,
        0.23718990328404743,
        0.266013723216588,
        0.29588750499908656,
        0.32617678048802645,
        0.35613037283792437,
        0.38494391911888215,
        0.41180965772434774,
        0.43591686682987074,
        0.45651980242212176,
        0.4730041794647377,
        0.48496370940779343,
        0.49226648248600213,
        0.4950406622076571,
        0.4936503580951239,
        0.48866515262579924,
        0.4808069697909332,
        0.4708771997901522,
        0.45968514839103136,
        0.44799968989286754,
        0.4365272688193045,
        0.4259067964425185,
        0.4167148027173653,
        0.4094792588485916,
        0.4047007441927235
      ]
    }
  }
}