{
  "vector_5": 0.8026193890630354,
  "vector_10": 0.8145487772377121,
  "vector_15": 0.8242128507430486,
  "vector_20": 0.8289021155627753,
  "vector_25": 0.8312435752630176,
  "vector_30": 0.834638374557407,
  "vector_35": 0.8359391855019861,
  "vector_40": 0.8372907598005
}