{
  "vector_5": {
    "accuracy": [
      0.3001764026549234,
      0.7138850463850147,
      0.7771298399685267,
      0.796318387755879,
      0.8026193890630354,
      0.8018642841732553
    ]
  },
  "vector_10": {
    "accuracy": [
      0.24683046308869627,
      0.7368427732020254,
      0.7995037882152873,
      0.8145487772377121,
      0.813076639973603
    ]
  },
  "vector_15": {
    "accuracy": [
      0.2586837062324708,
      0.7533218269731081,
      0.813330456743277,
      0.8242128507430486,
      0.8179118494358922
    ]
  },
  "vector_20": {
    "accuracy": [
      0.25085345888802874,
      0.7617675799840096,
      0.820024874043428,
      0.8289021155627753,
      0.8217317918194855
    ]
  },
  "vector_25": {
    "accuracy": [
      0.216734139624605,
      0.762973209639961,
      0.8248347018287498,
      0.8312435752630176,
      0.822594768836377
    ]
  },
  "vector_30": {
    "accuracy": [
      0.24469205680419306,
      0.7752706321306648,
      0.8303742528268843,
      0.834638374557407,
      0.8246126121552851
    ]
  },
  "vector_35": {
    "accuracy": [
      0.22196911049913068,
      0.7738682944782161,
      0.831649682094496,
      0.8359391855019861,
      0.8254882800106603
    ]
  },
  "vector_40": {
    "accuracy": [
      0.23521834587611204,
      0.7803850400395954,
      0.8353236798355267,
      0.8372907598005,
      0.8263258753505844
    ]
  }
}