{
  "vector_5": 0.7422173499492173,
  "vector_10": 0.7582421125602541,
  "vector_15": 0.7658192135936417,
  "vector_20": 0.7695110351609731,
  "vector_25": 0.7706072965870803,
  "vector_30": 0.7743958471037741,
  "vector_35": 0.774557062019378,
  "vector_40": 0.7761692111754179
}