{
  "vector_5": {
    "accuracy": [
      0.12974576407809252,
      0.23132728240016767,
      0.5251575875800029,
      0.6609327895016847,
      0.7090554418094762,
      0.7302229602282804,
      0.7388318367215335,
      0.7422173499492173,
      0.7411694529977914
    ]
  },
  "vector_10": {
    "accuracy": [
      0.05595769720614551,
      0.1670186525657354,
      0.5182253462090313,
      0.6800528784923181,
      0.7328991278273066,
      0.7519708523432588,
      0.7582421125602541,
      0.7571297296425865
    ]
  },
  "vector_15": {
    "accuracy": [
      0.027116348804591402,
      0.1705815022005836,
      0.5399087523577681,
      0.6967708652404521,
      0.7472633768076222,
      0.7631591674861758,
      0.7658192135936417,
      0.7621918779925518
    ]
  },
  "vector_20": {
    "accuracy": [
      0.01591191217011398,
      0.1571684212223315,
      0.5540473004562382,
      0.711183478695449,
      0.7563720195392478,
      0.7689629044479195,
      0.7695110351609731,
      0.7654161763046317
    ]
  },
  "vector_25": {
    "accuracy": [
      0.00830256815360557,
      0.12929436231440133,
      0.5006206774250753,
      0.7038804430185881,
      0.7568395427944994,
      0.7699301939415435,
      0.7706072965870803,
      0.7662544938657725
    ]
  },
  "vector_30": {
    "accuracy": [
      0.00640023214947847,
      0.14876912411936352,
      0.5498879556336552,
      0.7195344113237356,
      0.7670605684437924,
      0.7743958471037741,
      0.7729932773380194
    ]
  },
  "vector_35": {
    "accuracy": [
      0.0047719615018781535,
      0.11333408566960615,
      0.5038288542455948,
      0.7136017024295088,
      0.7656902416611585,
      0.774557062019378,
      0.7736865014751165
    ]
  },
  "vector_40": {
    "accuracy": [
      0.004385045704428573,
      0.13108384787760563,
      0.5400377242902513,
      0.726208708829741,
      0.770236502281191,
      0.7761692111754179,
      0.7737348659497977
    ]
  }
}