{
  "vector_5": 0.6156879929886064,
  "vector_10": 0.6232836692959393
}