{
  "vector_5": {
    "accuracy": [
      0.10648553900087643,
      0.10648553900087643,
      0.10692375109553023,
      0.10633946830265849,
      0.10984516505988899,
      0.11305872042068361,
      0.12167689161554192,
      0.14125036517674555,
      0.17061057551855097,
      0.22947706690037978,
      0.315366637452527,
      0.4021326321939819,
      0.4738533450189892,
      0.5249780893952674,
      0.5534618755477652,
      0.5796085305287759,
      0.5975752264095823,
      0.6061933976044406,
      0.6115980134385043,
      0.614665498101081,
      0.6153958515921706,
      0.6155419222903885,
      0.6156879929886064,
      0.6136430032135554
    ]
  },
  "vector_10": {
    "accuracy": [
      0.03564125036517674,
      0.03578732106339468,
      0.03578732106339468,
      0.036225533158048495,
      0.037394098743791994,
      0.04133800759567631,
      0.047765118317265556,
      0.0647093193105463,
      0.10064271107215893,
      0.16929593923458955,
      0.254747297692083,
      0.35553607946245985,
      0.44799883143441427,
      0.511539585159217,
      0.5635407537248028,
      0.5926088226701723,
      0.6092608822670172,
      0.6181711948583114,
      0.621530820917324,
      0.6232836692959393,
      0.6221151037101957
    ]
  }
}